<?xml version="1.0"?>
<data grt_format="2.0">
  <value _ptr_="000001CEAA26E6F0" type="list" content-type="object" content-struct-name="db.mgmt.Connection">
    <value type="object" struct-name="db.mgmt.Connection" id="{4D4BA61D-085E-481C-B509-8755EBEF8C44}" struct-checksum="0x96ba47d8">
      <link type="object" struct-name="db.mgmt.Driver" key="driver">com.mysql.rdbms.mysql.driver.native</link>
      <value type="string" key="hostIdentifier">Mysql@localhost:3306</value>
      <value type="int" key="isDefault">0</value>
      <value _ptr_="000001CEAA796190" type="dict" key="modules"/>
      <value _ptr_="000001CEAA797090" type="dict" key="parameterValues">
        <value type="string" key="hostName">localhost</value>
        <value type="int" key="lastConnected">1763390951</value>
        <value type="int" key="port">3306</value>
        <value type="string" key="serverVersion">8.0.44</value>
        <value type="string" key="userName">root</value>
      </value>
      <value type="string" key="name">Local instance MySQL80</value>
      <link type="object" struct-name="GrtObject" key="owner">{F728976E-65DE-48DB-9B04-FD80C8A1527B}</link>
    </value>
  </value>
</data>
